https://kontaktlinser.no/1-day_acuvue_for_astigmatism.aspx,https://kontaktlinser.no/merke/acuvue/,301,false,false,false,false
https://kontaktlinser.no/annonse.aspx,https://kontaktlinser.no/,301,false,false,false,false
https://kontaktlinser.no/daysoft_uv.aspx,https://kontaktlinser.no/kontaktlinser/dagslinser/,301,false,false,false,false
https://kontaktlinser.no/fargelinser-bla.aspx,https://kontaktlinser.no/kontaktlinser/fargede-linser/,301,false,false,false,false
https://kontaktlinser.no/fargelinser-brune.aspx,https://kontaktlinser.no/kontaktlinser/fargede-linser/,301,false,false,false,false
https://kontaktlinser.no/fargelinser-gronne.aspx,https://kontaktlinser.no/kontaktlinser/fargede-linser/,301,false,false,false,false
https://kontaktlinser.no/fargelinser-rode.aspx,https://kontaktlinser.no/kontaktlinser/fargede-linser/,301,false,false,false,false
https://kontaktlinser.no/fargelinser-svarte.aspx,https://kontaktlinser.no/kontaktlinser/fargede-linser/,301,false,false,false,false
https://kontaktlinser.no/fargelinser-uten-styrke.aspx,https://kontaktlinser.no/kontaktlinser/fargede-linser/,301,false,false,false,false
https://kontaktlinser.no/infosider/for_barn.aspx,https://kontaktlinser.no/guide/kontaktlinser-for-barn/,301,false,false,false,false
https://kontaktlinser.no/infosider/harde_eller_myke_linser.aspx,https://kontaktlinser.no/guide/harde-eller-myke-linser/,301,false,false,false,false
https://kontaktlinser.no/infosider/hvordan.aspx,https://kontaktlinser.no/guide/hvordan-bruke-kontaktlinser/,301,false,false,false,false
https://kontaktlinser.no/infosider/hvorfor.aspx,https://kontaktlinser.no/guide/hvorfor-bruke-kontaktlinser/,301,false,false,false,false
https://kontaktlinser.no/infosider/kontaktlinsens_materiale.aspx,https://kontaktlinser.no/guide/kontaktlinsens-materiale/,301,false,false,false,false
https://kontaktlinser.no/infosider/korrigerende_kontaktlinser.aspx,https://kontaktlinser.no/guide/korrigerende-kontaktlinser/,301,false,false,false,false
https://kontaktlinser.no/infosider/kosmetiske_kontaktlinser.aspx,https://kontaktlinser.no/guide/kosmetiske-kontaktlinser/,301,false,false,false,false
https://kontaktlinser.no/infosider/produksjon_av_kontaktlinser.aspx,https://kontaktlinser.no/guide/produksjon-av-kontaktlinser/,301,false,false,false,false
https://kontaktlinser.no/infosider/reising_med_kontaktlinser.aspx,https://kontaktlinser.no/guide/reising-med-kontaktlinser/,301,false,false,false,false
https://kontaktlinser.no/infosider/terapeutiske_kontaktlinser.aspx,https://kontaktlinser.no/guide/terapeutiske-kontaktlinser/,301,false,false,false,false
https://kontaktlinser.no/infosider/vedlikehold_av_linser.aspx,https://kontaktlinser.no/guide/vedlikehold-av-kontaktlinser/,301,false,false,false,false
https://kontaktlinser.no/infosider/vedlikehold_av_linser/vedlikehold_av_kontaktlinsene.aspx,https://kontaktlinser.no/guide/vedlikehold-av-kontaktlinser/,301,false,false,false,false
https://kontaktlinser.no/kontaktlinser/bifokale_linser.aspx,https://kontaktlinser.no/kontaktlinser/multifokale-linser/,301,false,false,false,false
https://kontaktlinser.no/kontaktlinser/dagslinser.aspx,https://kontaktlinser.no/kontaktlinser/dagslinser/,301,false,false,false,false
https://kontaktlinser.no/kontaktlinser/dagslinser/linser.aspx,https://kontaktlinser.no/kontaktlinser/dagslinser/,301,false,false,false,false
https://kontaktlinser.no/kontaktlinser/dognet_rundt_linser.aspx,https://kontaktlinser.no/,301,false,false,false,false
https://kontaktlinser.no/kontaktlinser/fargede_linser.aspx,https://kontaktlinser.no/kontaktlinser/fargede-linser/,301,false,false,false,false
https://kontaktlinser.no/kontaktlinser/fargede_linser/fargelinser.aspx,https://kontaktlinser.no/kontaktlinser/fargede-linser/,301,false,false,false,false
https://kontaktlinser.no/kontaktlinser/fargede_linser/gule_kontaktlinser.aspx,https://kontaktlinser.no/kontaktlinser/fargede-linser/,301,false,false,false,false
https://kontaktlinser.no/kontaktlinser/fargede_linser/svarte_kontaktlinser.aspx,https://kontaktlinser.no/kontaktlinser/fargede-linser/,301,false,false,false,false
https://kontaktlinser.no/kontaktlinser/langtidslinser.aspx,https://kontaktlinser.no/,301,false,false,false,false
https://kontaktlinser.no/kontaktlinser/linsevaeske_tilbehor.aspx,https://kontaktlinser.no/linsevaeske/,301,false,false,false,false
https://kontaktlinser.no/kontaktlinser/manedslinser.aspx,https://kontaktlinser.no/kontaktlinser/manedslinser/,301,false,false,false,false
https://kontaktlinser.no/kontaktlinser/progressive_linser.aspx,https://kontaktlinser.no/kontaktlinser/multifokale-linser/,301,false,false,false,false
https://kontaktlinser.no/kontaktlinser/toriske_linser.aspx,https://kontaktlinser.no/kontaktlinser/toriske-linser/,301,false,false,false,false
https://kontaktlinser.no/kontaktlinser/ukelinser.aspx,https://kontaktlinser.no/,301,false,false,false,false
https://kontaktlinser.no/kontaktlinser_.aspx,https://kontaktlinser.no/,301,false,false,false,false
https://kontaktlinser.no/leverandorer/alcon.aspx,https://kontaktlinser.no/,301,false,false,false,false
https://kontaktlinser.no/leverandorer/amo.aspx,https://kontaktlinser.no/,301,false,false,false,false
https://kontaktlinser.no/leverandorer/barnaux_healthcare.aspx,https://kontaktlinser.no/,301,false,false,false,false
https://kontaktlinser.no/leverandorer/bausch_and_lomb.aspx,https://kontaktlinser.no/,301,false,false,false,false
https://kontaktlinser.no/leverandorer/ciba_vision.aspx,https://kontaktlinser.no/,301,false,false,false,false
https://kontaktlinser.no/leverandorer/cl_tinters.aspx,https://kontaktlinser.no/,301,false,false,false,false
https://kontaktlinser.no/leverandorer/clearlab.aspx,https://kontaktlinser.no/,301,false,false,false,false
https://kontaktlinser.no/leverandorer/clearly_contacts.aspx,https://kontaktlinser.no/,301,false,false,false,false
https://kontaktlinser.no/leverandorer/comfort.aspx,https://kontaktlinser.no/,301,false,false,false,false
https://kontaktlinser.no/leverandorer/consol.aspx,https://kontaktlinser.no/,301,false,false,false,false
https://kontaktlinser.no/leverandorer/coopervision.aspx,https://kontaktlinser.no/,301,false,false,false,false
https://kontaktlinser.no/leverandorer/eyemed-technologies.aspx,https://kontaktlinser.no/,301,false,false,false,false
https://kontaktlinser.no/leverandorer/johnson_and_johnson.aspx,https://kontaktlinser.no/,301,false,false,false,false
https://kontaktlinser.no/leverandorer/lensway.aspx,https://kontaktlinser.no/,301,false,false,false,false
https://kontaktlinser.no/leverandorer/ocular_sciences.aspx,https://kontaktlinser.no/,301,false,false,false,false
https://kontaktlinser.no/leverandorer/provis_limited.aspx,https://kontaktlinser.no/,301,false,false,false,false
https://kontaktlinser.no/leverandorer/soleko.aspx,https://kontaktlinser.no/,301,false,false,false,false
https://kontaktlinser.no/leverandorer/yourlenses.aspx,https://kontaktlinser.no/,301,false,false,false,false
https://kontaktlinser.no/produkt/1-day-acuvue-moist-multifocal.aspx,https://kontaktlinser.no/kontaktlinser/acuvue/1-day-acuvue-moist-multifocal-30-pack/,301,false,false,false,false
https://kontaktlinser.no/produkt/1-day_acuvue.aspx,https://kontaktlinser.no/merke/acuvue/,301,false,false,false,false
https://kontaktlinser.no/produkt/1-day_acuvue_for_astigmatism.aspx,https://kontaktlinser.no/merke/acuvue/,301,false,false,false,false
https://kontaktlinser.no/produkt/1-day_acuvue_moist.aspx,https://kontaktlinser.no/kontaktlinser/acuvue/1-day-acuvue-moist-30-pack/,301,false,false,false,false
https://kontaktlinser.no/produkt/1-day_acuvue_moist_for_astigmatism.aspx,https://kontaktlinser.no/kontaktlinser/acuvue/1-day-acuvue-moist-for-astigmatism-30-pack/,301,false,false,false,false
https://kontaktlinser.no/produkt/1-day_acuvue_trueye.aspx,https://kontaktlinser.no/merke/acuvue/,301,false,false,false,false
https://kontaktlinser.no/produkt/acuvue.aspx,https://kontaktlinser.no/merke/acuvue/,301,false,false,false,false
https://kontaktlinser.no/produkt/acuvue_2.aspx,https://kontaktlinser.no/merke/acuvue/,301,false,false,false,false
https://kontaktlinser.no/produkt/acuvue_2_colours_enhancers.aspx,https://kontaktlinser.no/merke/acuvue/,301,false,false,false,false
https://kontaktlinser.no/produkt/acuvue_2_colours_opaque.aspx,https://kontaktlinser.no/merke/acuvue/,301,false,false,false,false
https://kontaktlinser.no/produkt/acuvue_advance.aspx,https://kontaktlinser.no/merke/acuvue/,301,false,false,false,false
https://kontaktlinser.no/produkt/acuvue_advance_for_astigmatism.aspx,https://kontaktlinser.no/merke/acuvue/,301,false,false,false,false
https://kontaktlinser.no/produkt/acuvue_bifocal.aspx,https://kontaktlinser.no/merke/acuvue/,301,false,false,false,false
https://kontaktlinser.no/produkt/acuvue_oasys.aspx,https://kontaktlinser.no/kontaktlinser/acuvue/acuvue-oasys-6-pack/,301,false,false,false,false
https://kontaktlinser.no/produkt/acuvue_oasys_for_astigmatism.aspx,https://kontaktlinser.no/kontaktlinser/acuvue/acuvue-oasys-for-astigmatism-6-pack/,301,false,false,false,false
https://kontaktlinser.no/produkt/adore_bi-tone.aspx,https://kontaktlinser.no/kontaktlinser/adore/adore-bi-tone-2-pack/,301,false,false,false,false
https://kontaktlinser.no/produkt/adore_dare.aspx,https://kontaktlinser.no/kontaktlinser/adore/adore-dare-2-pack/,301,false,false,false,false
https://kontaktlinser.no/produkt/adore_tri-tone.aspx,https://kontaktlinser.no/merke/adore/,301,false,false,false,false
https://kontaktlinser.no/produkt/air-optix-colors.aspx,https://kontaktlinser.no/kontaktlinser/air-optix/air-optix-colors-2-pack/,301,false,false,false,false
https://kontaktlinser.no/produkt/air-optix-ex.aspx,https://kontaktlinser.no/merke/air-optix/,301,false,false,false,false
https://kontaktlinser.no/produkt/air-optix-plus-hydraglyde.aspx,https://kontaktlinser.no/kontaktlinser/air-optix/air-optix-plus-hydraglyde-6-pack/,301,false,false,false,false
https://kontaktlinser.no/produkt/air_optix.aspx,https://kontaktlinser.no/merke/air-optix/,301,false,false,false,false
https://kontaktlinser.no/produkt/air_optix_aqua.aspx,https://kontaktlinser.no/merke/air-optix/,301,false,false,false,false
https://kontaktlinser.no/produkt/air_optix_aqua_multifocal.aspx,https://kontaktlinser.no/merke/air-optix/,301,false,false,false,false
https://kontaktlinser.no/produkt/air_optix_for_astigmatism.aspx,https://kontaktlinser.no/merke/air-optix/,301,false,false,false,false
https://kontaktlinser.no/produkt/air_optix_night_and_day.aspx,https://kontaktlinser.no/merke/air-optix/,301,false,false,false,false
https://kontaktlinser.no/produkt/air_optix_nightandday_aqua.aspx,https://kontaktlinser.no/kontaktlinser/air-optix/air-optix-night-day-aqua-6-pack/,301,false,false,false,false
https://kontaktlinser.no/produkt/aosept.aspx,https://kontaktlinser.no/linsevaeske/,301,false,false,false,false
https://kontaktlinser.no/produkt/aquify.aspx,https://kontaktlinser.no/linsevaeske/,301,false,false,false,false
https://kontaktlinser.no/produkt/avaira-toric.aspx,https://kontaktlinser.no/merke/avaira/,301,false,false,false,false
https://kontaktlinser.no/produkt/avaira_kontaktlinser.aspx,https://kontaktlinser.no/merke/avaira/,301,false,false,false,false
https://kontaktlinser.no/produkt/biocolor_55.aspx,https://kontaktlinser.no/kontaktlinser/fargede-linser/,301,false,false,false,false
https://kontaktlinser.no/produkt/biofinity-multifocal.aspx,https://kontaktlinser.no/kontaktlinser/biofinity/biofinity-multifocal-6-pack/,301,false,false,false,false
https://kontaktlinser.no/produkt/biofinity-xr.aspx,https://kontaktlinser.no/merke/biofinity/,301,false,false,false,false
https://kontaktlinser.no/produkt/biofinity.aspx,https://kontaktlinser.no/kontaktlinser/biofinity/biofinity-6-pack/,301,false,false,false,false
https://kontaktlinser.no/produkt/biofinity_toric.aspx,https://kontaktlinser.no/kontaktlinser/biofinity/biofinity-toric-6-pack/,301,false,false,false,false
https://kontaktlinser.no/produkt/bioflex.aspx,https://kontaktlinser.no/,301,false,false,false,false
https://kontaktlinser.no/produkt/bioflex_toric.aspx,https://kontaktlinser.no/kontaktlinser/toriske-linser/,301,false,false,false,false
https://kontaktlinser.no/produkt/biomedics-1day-extra-toric.aspx,https://kontaktlinser.no/kontaktlinser/biomedics/biomedics-1day-extra-toric-30-pack/,301,false,false,false,false
https://kontaktlinser.no/produkt/biomedics-1day-extra.aspx,https://kontaktlinser.no/kontaktlinser/biomedics/biomedics-1day-extra-30-pack/,301,false,false,false,false
https://kontaktlinser.no/produkt/biomedics_1-day.aspx,https://kontaktlinser.no/merke/biomedics/,301,false,false,false,false
https://kontaktlinser.no/produkt/biomedics_1_day_toric.aspx,https://kontaktlinser.no/merke/biomedics/,301,false,false,false,false
https://kontaktlinser.no/produkt/biomedics_55_evolution.aspx,https://kontaktlinser.no/kontaktlinser/biomedics/biomedics-55-evolution-6-pack/,301,false,false,false,false
https://kontaktlinser.no/produkt/biomedics_55_evolution_color.aspx,https://kontaktlinser.no/merke/biomedics/,301,false,false,false,false
https://kontaktlinser.no/produkt/biomedics_toric.aspx,https://kontaktlinser.no/kontaktlinser/biomedics/biomedics-toric-6-pack/,301,false,false,false,false
https://kontaktlinser.no/produkt/biotrue-oneday.aspx,https://kontaktlinser.no/kontaktlinser/biotrue/biotrue-oneday-30-pack/,301,false,false,false,false
https://kontaktlinser.no/produkt/biotrue_oneday_for_presbyopia.aspx,https://kontaktlinser.no/kontaktlinser/biotrue/biotrue-oneday-for-presbyopia-30-pack/,301,false,false,false,false
https://kontaktlinser.no/produkt/blic_dag.aspx,https://kontaktlinser.no/kontaktlinser/dagslinser/,301,false,false,false,false
https://kontaktlinser.no/produkt/blink.aspx,https://kontaktlinser.no/oyedraper/,301,false,false,false,false
https://kontaktlinser.no/produkt/cibasoft.aspx,https://kontaktlinser.no/,301,false,false,false,false
https://kontaktlinser.no/produkt/cibasoft_visitint.aspx,https://kontaktlinser.no/,301,false,false,false,false
https://kontaktlinser.no/produkt/classic_kontaktlinser.aspx,https://kontaktlinser.no/,301,false,false,false,false
https://kontaktlinser.no/produkt/clear58.aspx,https://kontaktlinser.no/,301,false,false,false,false
https://kontaktlinser.no/produkt/clear_1-day.aspx,https://kontaktlinser.no/kontaktlinser/dagslinser/,301,false,false,false,false
https://kontaktlinser.no/produkt/clear_38.aspx,https://kontaktlinser.no/,301,false,false,false,false
https://kontaktlinser.no/produkt/clear_55a.aspx,https://kontaktlinser.no/,301,false,false,false,false
https://kontaktlinser.no/produkt/clear_all-day.aspx,https://kontaktlinser.no/,301,false,false,false,false
https://kontaktlinser.no/produkt/clearly_colors.aspx,https://kontaktlinser.no/kontaktlinser/fargede-linser/,301,false,false,false,false
https://kontaktlinser.no/produkt/clearly_colors_special_effects.aspx,https://kontaktlinser.no/kontaktlinser/fargede-linser/,301,false,false,false,false
https://kontaktlinser.no/produkt/clens_100.aspx,https://kontaktlinser.no/linsevaeske/,301,false,false,false,false
https://kontaktlinser.no/produkt/contact_30_day.aspx,https://kontaktlinser.no/kontaktlinser/manedslinser/,301,false,false,false,false
https://kontaktlinser.no/produkt/crazy_lenses.aspx,https://kontaktlinser.no/kontaktlinser/fargede-linser/,301,false,false,false,false
https://kontaktlinser.no/produkt/dailies-aquacomfort-plus-multifocal.aspx,https://kontaktlinser.no/kontaktlinser/dailies/dailies-aquacomfort-plus-multifocal-30-pack/,301,false,false,false,false
https://kontaktlinser.no/produkt/dailies-aquacomfort-plus-toric.aspx,https://kontaktlinser.no/kontaktlinser/dailies/dailies-aquacomfort-plus-toric-30-pack/,301,false,false,false,false
https://kontaktlinser.no/produkt/dailies-total-1-multifocal.aspx,https://kontaktlinser.no/kontaktlinser/dailies/dailies-total1-multifocal-30-pack/,301,false,false,false,false
https://kontaktlinser.no/produkt/dailies-total-1-multifocal/dailies-aquacomfort-plus-spheric.aspx,https://kontaktlinser.no/kontaktlinser/dailies/dailies-aquacomfort-plus-30-pack/,301,false,false,false,false
https://kontaktlinser.no/produkt/dailies-total1.aspx,https://kontaktlinser.no/kontaktlinser/dailies/dailies-total1-30-pack/,301,false,false,false,false
https://kontaktlinser.no/produkt/dailies_aqua_comfort_plus.aspx,https://kontaktlinser.no/kontaktlinser/dailies/dailies-aquacomfort-plus-30-pack/,301,false,false,false,false
https://kontaktlinser.no/produkt/daysoft_uv_58.aspx,https://kontaktlinser.no/kontaktlinser/dagslinser/,301,false,false,false,false
https://kontaktlinser.no/produkt/easysept.aspx,https://kontaktlinser.no/linsevaeske/easysept/easysept-120-ml/,301,false,false,false,false
https://kontaktlinser.no/produkt/easyvision_adan_opteyes.aspx,https://kontaktlinser.no/merke/easyvision/,301,false,false,false,false
https://kontaktlinser.no/produkt/easyvision_all_day.aspx,https://kontaktlinser.no/merke/easyvision/,301,false,false,false,false
https://kontaktlinser.no/produkt/easyvision_all_day_all_night.aspx,https://kontaktlinser.no/merke/easyvision/,301,false,false,false,false
https://kontaktlinser.no/produkt/easyvision_aspheric_all_day.aspx,https://kontaktlinser.no/merke/easyvision/,301,false,false,false,false
https://kontaktlinser.no/produkt/easyvision_colors.aspx,https://kontaktlinser.no/merke/easyvision/,301,false,false,false,false
https://kontaktlinser.no/produkt/easyvision_elite_oneday.aspx,https://kontaktlinser.no/merke/easyvision/,301,false,false,false,false
https://kontaktlinser.no/produkt/easyvision_oneday.aspx,https://kontaktlinser.no/merke/easyvision/,301,false,false,false,false
https://kontaktlinser.no/produkt/easyvision_varifocal.aspx,https://kontaktlinser.no/merke/easyvision/,301,false,false,false,false
https://kontaktlinser.no/produkt/expressions_accent.aspx,https://kontaktlinser.no/kontaktlinser/fargede-linser/,301,false,false,false,false
https://kontaktlinser.no/produkt/expressions_colors.aspx,https://kontaktlinser.no/kontaktlinser/fargede-linser/,301,false,false,false,false
https://kontaktlinser.no/produkt/extend.aspx,https://kontaktlinser.no/,301,false,false,false,false
https://kontaktlinser.no/produkt/eye_q_24.aspx,https://kontaktlinser.no/private-label/eyeq-24/,301,false,false,false,false
https://kontaktlinser.no/produkt/eye_q_one-day.aspx,https://kontaktlinser.no/merke/eyeq/,301,false,false,false,false
https://kontaktlinser.no/produkt/eye_q_premium.aspx,https://kontaktlinser.no/private-label/eyeq-premium/,301,false,false,false,false
https://kontaktlinser.no/produkt/eye_q_premium_2.aspx,https://kontaktlinser.no/merke/eyeq/,301,false,false,false,false
https://kontaktlinser.no/produkt/eye_q_toric.aspx,https://kontaktlinser.no/merke/eyeq/,301,false,false,false,false
https://kontaktlinser.no/produkt/eyecare_30.aspx,https://kontaktlinser.no/,301,false,false,false,false
https://kontaktlinser.no/produkt/eyes4u_dagslinser.aspx,https://kontaktlinser.no/kontaktlinser/dagslinser/,301,false,false,false,false
https://kontaktlinser.no/produkt/focus_dailies.aspx,https://kontaktlinser.no/kontaktlinser/dailies/focus-dailies-30-pack/,301,false,false,false,false
https://kontaktlinser.no/produkt/focus_dailies_all_day.aspx,https://kontaktlinser.no/merke/dailies/,301,false,false,false,false
https://kontaktlinser.no/produkt/focus_dailies_progressives.aspx,https://kontaktlinser.no/merke/dailies/,301,false,false,false,false
https://kontaktlinser.no/produkt/focus_dailies_toric.aspx,https://kontaktlinser.no/merke/dailies/,301,false,false,false,false
https://kontaktlinser.no/produkt/focus_monthly.aspx,https://kontaktlinser.no/kontaktlinser/manedslinser/,301,false,false,false,false
https://kontaktlinser.no/produkt/focus_monthly_toric.aspx,https://kontaktlinser.no/kontaktlinser/toriske-linser/,301,false,false,false,false
https://kontaktlinser.no/produkt/focus_progressives.aspx,https://kontaktlinser.no/kontaktlinser/multifokale-linser/,301,false,false,false,false
https://kontaktlinser.no/produkt/focus_softcolors.aspx,https://kontaktlinser.no/kontaktlinser/fargede-linser/,301,false,false,false,false
https://kontaktlinser.no/produkt/focus_toric_visitint.aspx,https://kontaktlinser.no/kontaktlinser/toriske-linser/,301,false,false,false,false
https://kontaktlinser.no/produkt/focus_visitint.aspx,https://kontaktlinser.no/,301,false,false,false,false
https://kontaktlinser.no/produkt/frequency_1_day.aspx,https://kontaktlinser.no/kontaktlinser/dagslinser/,301,false,false,false,false
https://kontaktlinser.no/produkt/frequency_1_day_toric.aspx,https://kontaktlinser.no/kontaktlinser/toriske-linser/,301,false,false,false,false
https://kontaktlinser.no/produkt/frequency_38.aspx,https://kontaktlinser.no/,301,false,false,false,false
https://kontaktlinser.no/produkt/frequency_55.aspx,https://kontaktlinser.no/,301,false,false,false,false
https://kontaktlinser.no/produkt/frequency_55_ab.aspx,https://kontaktlinser.no/,301,false,false,false,false
https://kontaktlinser.no/produkt/frequency_58_uv.aspx,https://kontaktlinser.no/,301,false,false,false,false
https://kontaktlinser.no/produkt/frequency_xc.aspx,https://kontaktlinser.no/,301,false,false,false,false
https://kontaktlinser.no/produkt/frequency_xcel_toric.aspx,https://kontaktlinser.no/kontaktlinser/toriske-linser/,301,false,false,false,false
https://kontaktlinser.no/produkt/frequency_xcel_toric_xr.aspx,https://kontaktlinser.no/kontaktlinser/toriske-linser/,301,false,false,false,false
https://kontaktlinser.no/produkt/freshcare_dailies.aspx,https://kontaktlinser.no/kontaktlinser/dagslinser/,301,false,false,false,false
https://kontaktlinser.no/produkt/freshlook_colorblends.aspx,https://kontaktlinser.no/merke/freshlook/,301,false,false,false,false
https://kontaktlinser.no/produkt/freshlook_colors.aspx,https://kontaktlinser.no/merke/freshlook/,301,false,false,false,false
https://kontaktlinser.no/produkt/freshlook_dimensions.aspx,https://kontaktlinser.no/merke/freshlook/,301,false,false,false,false
https://kontaktlinser.no/produkt/freshlook_one-day.aspx,https://kontaktlinser.no/kontaktlinser/freshlook/freshlook-oneday-30-pack/,301,false,false,false,false
https://kontaktlinser.no/produkt/freshlook_radiance.aspx,https://kontaktlinser.no/merke/freshlook/,301,false,false,false,false
https://kontaktlinser.no/produkt/iwear_1_day.aspx,https://kontaktlinser.no/merke/iwear/,301,false,false,false,false
https://kontaktlinser.no/produkt/iwear_dd_supreme_1_day.aspx,https://kontaktlinser.no/merke/iwear/,301,false,false,false,false
https://kontaktlinser.no/produkt/iwear_dr_color.aspx,https://kontaktlinser.no/merke/iwear/,301,false,false,false,false
https://kontaktlinser.no/produkt/iwear_xr_supreme.aspx,https://kontaktlinser.no/merke/iwear/,301,false,false,false,false
https://kontaktlinser.no/produkt/iwear_xr_supreme_toric.aspx,https://kontaktlinser.no/merke/iwear/,301,false,false,false,false
https://kontaktlinser.no/produkt/lensway_case.aspx,https://kontaktlinser.no/linsevaeske/,301,false,false,false,false
https://kontaktlinser.no/produkt/lensway_hand_desinfection_spray.aspx,https://kontaktlinser.no/,301,false,false,false,false
https://kontaktlinser.no/produkt/lensway_solution.aspx,https://kontaktlinser.no/linsevaeske/,301,false,false,false,false
https://kontaktlinser.no/produkt/mediflex_toric.aspx,https://kontaktlinser.no/kontaktlinser/toriske-linser/,301,false,false,false,false
https://kontaktlinser.no/produkt/myday-daily-disposable.aspx,https://kontaktlinser.no/kontaktlinser/myday/myday-30-pack/,301,false,false,false,false
https://kontaktlinser.no/produkt/neoflex_toric.aspx,https://kontaktlinser.no/kontaktlinser/toriske-linser/,301,false,false,false,false
https://kontaktlinser.no/produkt/opti-free_ampuller.aspx,https://kontaktlinser.no/linsevaeske/,301,false,false,false,false
https://kontaktlinser.no/produkt/opti-free_express.aspx,https://kontaktlinser.no/linsevaeske/opti-free/opti-free-express-120-ml/,301,false,false,false,false
https://kontaktlinser.no/produkt/opti-free_express_norub.aspx,https://kontaktlinser.no/linsevaeske/,301,false,false,false,false
https://kontaktlinser.no/produkt/opti-free_replenish.aspx,https://kontaktlinser.no/linsevaeske/,301,false,false,false,false
https://kontaktlinser.no/produkt/opti-tears_free_rewetting_drops.aspx,https://kontaktlinser.no/oyedraper/,301,false,false,false,false
https://kontaktlinser.no/produkt/optima_fw.aspx,https://kontaktlinser.no/,301,false,false,false,false
https://kontaktlinser.no/produkt/precision_uv.aspx,https://kontaktlinser.no/,301,false,false,false,false
https://kontaktlinser.no/produkt/proclear-multifocal-xr.aspx,https://kontaktlinser.no/kontaktlinser/proclear/proclear-multifocal-xr-3-pack/,301,false,false,false,false
https://kontaktlinser.no/produkt/proclear-toric-xr.aspx,https://kontaktlinser.no/kontaktlinser/proclear/proclear-toric-xr-3-pack/,301,false,false,false,false
https://kontaktlinser.no/produkt/proclear_1-day_multifocal.aspx,https://kontaktlinser.no/kontaktlinser/proclear/proclear-1-day-multifocal-30-pack/,301,false,false,false,false
https://kontaktlinser.no/produkt/proclear_1_day.aspx,https://kontaktlinser.no/kontaktlinser/proclear/proclear-1-day-30-pack/,301,false,false,false,false
https://kontaktlinser.no/produkt/proclear_compatibles.aspx,https://kontaktlinser.no/merke/proclear/,301,false,false,false,false
https://kontaktlinser.no/produkt/proclear_compatibles_toric.aspx,https://kontaktlinser.no/merke/proclear/,301,false,false,false,false
https://kontaktlinser.no/produkt/proclear_ep.aspx,https://kontaktlinser.no/merke/proclear/,301,false,false,false,false
https://kontaktlinser.no/produkt/proclear_multifocal.aspx,https://kontaktlinser.no/kontaktlinser/proclear/proclear-multifocal-6-pack/,301,false,false,false,false
https://kontaktlinser.no/produkt/proclear_sphere.aspx,https://kontaktlinser.no/kontaktlinser/proclear/proclear-sphere-6-pack/,301,false,false,false,false
https://kontaktlinser.no/produkt/proclear_toric.aspx,https://kontaktlinser.no/kontaktlinser/proclear/proclear-toric-6-pack/,301,false,false,false,false
https://kontaktlinser.no/produkt/proclear_xc.aspx,https://kontaktlinser.no/merke/proclear/,301,false,false,false,false
https://kontaktlinser.no/produkt/procon_toric.aspx,https://kontaktlinser.no/kontaktlinser/toriske-linser/,301,false,false,false,false
https://kontaktlinser.no/produkt/purevision-2-hd-for-astigmatism.aspx,https://kontaktlinser.no/kontaktlinser/purevision/purevision2-for-astigmatism-6-pack/,301,false,false,false,false
https://kontaktlinser.no/produkt/purevision-2-hd.aspx,https://kontaktlinser.no/kontaktlinser/purevision/purevision2-6-pack/,301,false,false,false,false
https://kontaktlinser.no/produkt/purevision-2-multifocal.aspx,https://kontaktlinser.no/kontaktlinser/purevision/purevision2-for-presbyopia-6-pack/,301,false,false,false,false
https://kontaktlinser.no/produkt/purevision.aspx,https://kontaktlinser.no/kontaktlinser/purevision/purevision-6-pack/,301,false,false,false,false
https://kontaktlinser.no/produkt/purevision_multifocal.aspx,https://kontaktlinser.no/kontaktlinser/purevision/purevision-multifocal-6-pack/,301,false,false,false,false
https://kontaktlinser.no/produkt/purevision_toric.aspx,https://kontaktlinser.no/merke/purevision/,301,false,false,false,false
https://kontaktlinser.no/produkt/queens-trilogy.aspx,https://kontaktlinser.no/,301,false,false,false,false
https://kontaktlinser.no/produkt/queens-twins.aspx,https://kontaktlinser.no/,301,false,false,false,false
https://kontaktlinser.no/produkt/renu_flight_pack.aspx,https://kontaktlinser.no/linsevaeske/,301,false,false,false,false
https://kontaktlinser.no/produkt/renu_multi-purpose.aspx,https://kontaktlinser.no/linsevaeske/renu/renu-multi-purpose-60-ml/,301,false,false,false,false
https://kontaktlinser.no/produkt/renu_onthego.aspx,https://kontaktlinser.no/linsevaeske/,301,false,false,false,false
https://kontaktlinser.no/produkt/s-75.aspx,https://kontaktlinser.no/,301,false,false,false,false
https://kontaktlinser.no/produkt/seequence.aspx,https://kontaktlinser.no/,301,false,false,false,false
https://kontaktlinser.no/produkt/soflens-natural-colors.aspx,https://kontaktlinser.no/merke/soflens/,301,false,false,false,false
https://kontaktlinser.no/produkt/soflens_38.aspx,https://kontaktlinser.no/kontaktlinser/soflens/soflens-38-6-pack/,301,false,false,false,false
https://kontaktlinser.no/produkt/soflens_59.aspx,https://kontaktlinser.no/kontaktlinser/soflens/soflens-59-6-pack/,301,false,false,false,false
https://kontaktlinser.no/produkt/soflens_66.aspx,https://kontaktlinser.no/merke/soflens/,301,false,false,false,false
https://kontaktlinser.no/produkt/soflens_daily_disposable.aspx,https://kontaktlinser.no/kontaktlinser/soflens/soflens-daily-disposable-30-pack/,301,false,false,false,false
https://kontaktlinser.no/produkt/soflens_daily_disposable_for_astigmatism.aspx,https://kontaktlinser.no/kontaktlinser/soflens/soflens-daily-disposable-for-astigmatism-30-pack/,301,false,false,false,false
https://kontaktlinser.no/produkt/soflens_multifocal.aspx,https://kontaktlinser.no/kontaktlinser/soflens/soflens-multifocal-6-pack/,301,false,false,false,false
https://kontaktlinser.no/produkt/soflens_natural_colors.aspx,https://kontaktlinser.no/merke/soflens/,301,false,false,false,false
https://kontaktlinser.no/produkt/soflens_one_day.aspx,https://kontaktlinser.no/merke/soflens/,301,false,false,false,false
https://kontaktlinser.no/produkt/soflens_toric.aspx,https://kontaktlinser.no/kontaktlinser/soflens/soflens-toric-6-pack/,301,false,false,false,false
https://kontaktlinser.no/produkt/solo_care_aqua.aspx,https://kontaktlinser.no/linsevaeske/solocare/solocare-aqua-360-ml/,301,false,false,false,false
https://kontaktlinser.no/produkt/solo_care_soft.aspx,https://kontaktlinser.no/linsevaeske/,301,false,false,false,false
https://kontaktlinser.no/produkt/standard_lens.aspx,https://kontaktlinser.no/,301,false,false,false,false
https://kontaktlinser.no/produkt/standard_toric.aspx,https://kontaktlinser.no/kontaktlinser/toriske-linser/,301,false,false,false,false
https://kontaktlinser.no/produkt/surevue.aspx,https://kontaktlinser.no/,301,false,false,false,false
https://kontaktlinser.no/produkt/synolens_oneday.aspx,https://kontaktlinser.no/kontaktlinser/dagslinser/,301,false,false,false,false
https://kontaktlinser.no/produkt/systane.aspx,https://kontaktlinser.no/oyedraper/,301,false,false,false,false
https://kontaktlinser.no/produkt/ultraflex_toric.aspx,https://kontaktlinser.no/kontaktlinser/toriske-linser/,301,false,false,false,false
https://kontaktlinser.no/search.aspx,https://kontaktlinser.no/,301,false,false,false,false
https://kontaktlinser.no/sitemap.aspx,https://kontaktlinser.no/,301,false,false,false,false
https://kontaktlinser.no/sporsmal_og_svar/anbefalte-websider.aspx,https://kontaktlinser.no/,301,false,false,false,false
https://kontaktlinser.no/sporsmal_og_svar/konsernsider.aspx,https://kontaktlinser.no/,301,false,false,false,false
https://kontaktlinser.no/sporsmal_og_svar/kontakt_oss.aspx,https://kontaktlinser.no/om-oss/,301,false,false,false,false
https://kontaktlinser.no/sporsmal_og_svar/kontaktlinsens_historie.aspx,https://kontaktlinser.no/guide/kontaktlinsens-historie/,301,false,false,false,false
https://kontaktlinser.no/sporsmal_og_svar/kontaktlinser_faq.aspx,https://kontaktlinser.no/,301,false,false,false,false
https://kontaktlinser.no/sporsmal_og_svar/om_kontaktlinser_no.aspx,https://kontaktlinser.no/om-oss/,301,false,false,false,false
https://kontaktlinser.no/sporsmal_og_svar/om_kontaktlinser_no/yourlenses.aspx,https://kontaktlinser.no/,301,false,false,false,false
https://kontaktlinser.no/kontaktlinser/acuvue/oasys-6-pack/,https://kontaktlinser.no/kontaktlinser/acuvue/acuvue-oasys-6-pack/,301,false,false,false,false
https://kontaktlinser.no/kontaktlinser/acuvue/vita-6-pack/,https://kontaktlinser.no/kontaktlinser/acuvue/acuvue-vita-6-pack/,301,false,false,false,false
https://kontaktlinser.no/kontaktlinser/acuvue/moist-30-pack/,https://kontaktlinser.no/kontaktlinser/acuvue/1-day-acuvue-moist-30-pack/,301,false,false,false,false
https://kontaktlinser.no/kontaktlinser/acuvue/oasys-max-1-day-30-pack/,https://kontaktlinser.no/kontaktlinser/acuvue/acuvue-oasys-max-1-day-30-pack/,301,false,false,false,false
https://kontaktlinser.no/kontaktlinser/acuvue/oasys-1-day-hydraluxe-30-pack/,https://kontaktlinser.no/kontaktlinser/acuvue/acuvue-oasys-1-day-with-hydraluxe-30-pack/,301,false,false,false,false
https://kontaktlinser.no/kontaktlinser/acuvue/oasys-astigmatism-6-pack/,https://kontaktlinser.no/kontaktlinser/acuvue/acuvue-oasys-for-astigmatism-6-pack/,301,false,false,false,false
https://kontaktlinser.no/kontaktlinser/acuvue/moist-astigmatism-30-pack/,https://kontaktlinser.no/kontaktlinser/acuvue/1-day-acuvue-moist-for-astigmatism-30-pack/,301,false,false,false,false
https://kontaktlinser.no/kontaktlinser/air-optix/colors-2-pack/,https://kontaktlinser.no/kontaktlinser/air-optix/air-optix-colors-2-pack/,301,false,false,false,false
https://kontaktlinser.no/kontaktlinser/adore/bi-tone-2-pack/,https://kontaktlinser.no/kontaktlinser/adore/adore-bi-tone-2-pack/,301,false,false,false,false
https://kontaktlinser.no/kontaktlinser/adore/dare-2-pack/,https://kontaktlinser.no/kontaktlinser/adore/adore-dare-2-pack/,301,false,false,false,false
https://kontaktlinser.no/kontaktlinser/acuvue/oasys-multifocal-6-pack/,https://kontaktlinser.no/kontaktlinser/acuvue/acuvue-oasys-multifocal-6-pack/,301,false,false,false,false
https://kontaktlinser.no/kontaktlinser/biofinity/energys-6-pack/,https://kontaktlinser.no/kontaktlinser/biofinity/biofinity-energys-6-pack/,301,false,false,false,false
https://kontaktlinser.no/kontaktlinser/biofinity/xr-6-pack/,https://kontaktlinser.no/kontaktlinser/biofinity/biofinity-xr-6-pack/,301,false,false,false,false
https://kontaktlinser.no/kontaktlinser/air-optix/night-day-aqua-6-pack/,https://kontaktlinser.no/kontaktlinser/air-optix/air-optix-night-day-aqua-6-pack/,301,false,false,false,false
https://kontaktlinser.no/kontaktlinser/biomedics/biomedics-1-day-xtra-30-pack/,https://kontaktlinser.no/kontaktlinser/biomedics/biomedics-1day-extra-30-pack/,301,false,false,false,false
https://kontaktlinser.no/kontaktlinser/biomedics/biomedics-1-day-xtra-toric-30-pack/,https://kontaktlinser.no/kontaktlinser/biomedics/biomedics-1day-extra-toric-30-pack/,301,false,false,false,false
https://kontaktlinser.no/kontaktlinser/acuvue/moist-90-pack/,https://kontaktlinser.no/kontaktlinser/acuvue/1-day-acuvue-moist-90-pack/,301,false,false,false,false
https://kontaktlinser.no/kontaktlinser/acuvue/moist-astigmatism-90-pack/,https://kontaktlinser.no/kontaktlinser/acuvue/1-day-acuvue-moist-for-astigmatism-90-pack/,301,false,false,false,false
https://kontaktlinser.no/kontaktlinser/acuvue/oasys-1-day-hydraluxe-90-pack/,https://kontaktlinser.no/kontaktlinser/acuvue/acuvue-oasys-1-day-with-hydraluxe-90-pack/,301,false,false,false,false
https://kontaktlinser.no/kontaktlinser/acuvue/oasys-max-1-day-90-pack/,https://kontaktlinser.no/kontaktlinser/acuvue/acuvue-oasys-max-1-day-90-pack/,301,false,false,false,false
https://kontaktlinser.no/kontaktlinser/biomedics/biomedics-1-day-xtra-90-pack/,https://kontaktlinser.no/kontaktlinser/biomedics/biomedics-1day-extra-90-pack/,301,false,false,false,false
https://kontaktlinser.no/kontaktlinser/acuvue/moist-multifocal-30-pack/,https://kontaktlinser.no/kontaktlinser/acuvue/1-day-acuvue-moist-multifocal-30-pack/,301,false,false,false,false
https://kontaktlinser.no/kontaktlinser/acuvue/moist-multifocal-90-pack/,https://kontaktlinser.no/kontaktlinser/acuvue/1-day-acuvue-moist-multifocal-90-pack/,301,false,false,false,false
https://kontaktlinser.no/kontaktlinser/acuvue/oasys-1-day-for-astigmatism-30-pack/,https://kontaktlinser.no/kontaktlinser/acuvue/acuvue-oasys-1-day-for-astigmatism-30-pack/,301,false,false,false,false
https://kontaktlinser.no/kontaktlinser/acuvue/oasys-1-day-for-astigmatism-90-pack/,https://kontaktlinser.no/kontaktlinser/acuvue/acuvue-oasys-1-day-for-astigmatism-90-pack/,301,false,false,false,false
https://kontaktlinser.no/kontaktlinser/biofinity/multifocal-toric-3-pack/,https://kontaktlinser.no/kontaktlinser/biofinity/biofinity-multifocal-toric-3-pack/,301,false,false,false,false
https://kontaktlinser.no/kontaktlinser/biofinity/xr-toric-3-pack/,https://kontaktlinser.no/kontaktlinser/biofinity/biofinity-xr-toric-3-pack/,301,false,false,false,false
https://kontaktlinser.no/kontaktlinser/biofinity/xr-3-pack/,https://kontaktlinser.no/kontaktlinser/biofinity/biofinity-xr-3-pack/,301,false,false,false,false
https://kontaktlinser.no/kontaktlinser/proclear/1-day-30-pack/,https://kontaktlinser.no/kontaktlinser/proclear/proclear-1-day-30-pack/,301,false,false,false,false
https://kontaktlinser.no/kontaktlinser/proclear/1-day-90-pack/,https://kontaktlinser.no/kontaktlinser/proclear/proclear-1-day-90-pack/,301,false,false,false,false
https://kontaktlinser.no/kontaktlinser/proclear/1-day-multifocal-30-pack/,https://kontaktlinser.no/kontaktlinser/proclear/proclear-1-day-multifocal-30-pack/,301,false,false,false,false
https://kontaktlinser.no/kontaktlinser/proclear/multifocal-6-pack/,https://kontaktlinser.no/kontaktlinser/proclear/proclear-multifocal-6-pack/,301,false,false,false,false
https://kontaktlinser.no/kontaktlinser/proclear/multifocal-toric-3-pack/,https://kontaktlinser.no/kontaktlinser/proclear/proclear-multifocal-toric-3-pack/,301,false,false,false,false
https://kontaktlinser.no/kontaktlinser/proclear/multifocal-xr-3-pack/,https://kontaktlinser.no/kontaktlinser/proclear/proclear-multifocal-xr-3-pack/,301,false,false,false,false
https://kontaktlinser.no/kontaktlinser/proclear/toric-xr-3-pack/,https://kontaktlinser.no/kontaktlinser/proclear/proclear-toric-xr-3-pack/,301,false,false,false,false
https://kontaktlinser.no/kontaktlinser/soflens/38-6-pack/,https://kontaktlinser.no/kontaktlinser/soflens/soflens-38-6-pack/,301,false,false,false,false
https://kontaktlinser.no/kontaktlinser/soflens/daily-disposable-for-astigmatism-30-pack/,https://kontaktlinser.no/kontaktlinser/soflens/soflens-daily-disposable-for-astigmatism-30-pack/,301,false,false,false,false
https://kontaktlinser.no/kontaktlinser/soflens/multifocal-6-pack/,https://kontaktlinser.no/kontaktlinser/soflens/soflens-multifocal-6-pack/,301,false,false,false,false
https://kontaktlinser.no/kontaktlinser/clearlii/clearlii-monthly-6-pack/,https://kontaktlinser.no/kontaktlinser/clearlii/clearlii-hydrogel-manedslinser-6-pack/,301,false,false,false,false
https://kontaktlinser.no/kontaktlinser/queens-trilogy/queens-trilogy-2-pack/,https://kontaktlinser.no/kontaktlinser/queens-trilogy/queen-s-trilogy-2-pack/,301,false,false,false,false
https://kontaktlinser.no/kontaktlinser/acuvue/oasys-max-1-day-astigmatism-30-pack/,https://kontaktlinser.no/kontaktlinser/acuvue/acuvue-oasys-max-1-day-for-astigmatism-30-pack/,301,false,false,false,false
https://kontaktlinser.no/linsevaeske/opti-free/puremoist-90-ml/,https://kontaktlinser.no/linsevaeske/opti-free/opti-free-puremoist-90-ml/,301,false,false,false,false
https://kontaktlinser.no/linsevaeske/opti-free/puremoist-300-ml/,https://kontaktlinser.no/linsevaeske/opti-free/opti-free-puremoist-300-ml/,301,false,false,false,false
https://kontaktlinser.no/linsevaeske/opti-free/express-355-ml/,https://kontaktlinser.no/linsevaeske/opti-free/opti-free-express-355-ml/,301,false,false,false,false
https://kontaktlinser.no/linsevaeske/opti-free/express-120-ml/,https://kontaktlinser.no/linsevaeske/opti-free/opti-free-express-120-ml/,301,false,false,false,false
https://kontaktlinser.no/linsevaeske/everclear/refresh-250-ml/,https://kontaktlinser.no/linsevaeske/everclear/everclear-refresh-250-ml/,301,false,false,false,false
https://kontaktlinser.no/linsevaeske/acuvue-revitalens/revitalens-100-ml/,https://kontaktlinser.no/linsevaeske/acuvue-revitalens/acuvue-revitalens-100-ml/,301,false,false,false,false
https://kontaktlinser.no/linsevaeske/acuvue-revitalens/revitalens-300-ml/,https://kontaktlinser.no/linsevaeske/acuvue-revitalens/acuvue-revitalens-300-ml/,301,false,false,false,false
https://kontaktlinser.no/linsevaeske/swati/lens-solution-100-ml/,https://kontaktlinser.no/linsevaeske/swati/swati-lens-solution-100-ml/,301,false,false,false,false
https://kontaktlinser.no/oyedraper/oxyal/trehalos-duo-action-10-ml/,https://kontaktlinser.no/oyedraper/oxyal/oxyal-trehalos-duo-action-10-ml/,301,false,false,false,false
https://kontaktlinser.no/oyedraper/oxyal/trehalos-triple-action-10-ml/,https://kontaktlinser.no/oyedraper/oxyal/oxyal-trehalos-triple-action-10-ml/,301,false,false,false,false
https://kontaktlinser.no/oyedraper/oxyal/triple-action-10-ml/,https://kontaktlinser.no/oyedraper/oxyal/oxyal-triple-action-10-ml/,301,false,false,false,false
https://kontaktlinser.no/oyedraper/artelac/artelac-10-ml/,https://kontaktlinser.no/oyedraper/artelac/artelac-oyedraper-10-ml/,301,false,false,false,false
https://kontaktlinser.no/oyedraper/viscotears/viscotears-10-g/,https://kontaktlinser.no/oyedraper/viscotears/viscotears-oyegel-10-g/,301,false,false,false,false
https://kontaktlinser.no/oyedraper/hyprosan/hyprosan-10-ml/,https://kontaktlinser.no/oyedraper/hyprosan/hyprosan-oyedraper-10-ml/,301,false,false,false,false
https://kontaktlinser.no/oyedraper/desodrop/desodrop-8-ml/,https://kontaktlinser.no/oyedraper/desodrop/desodrop-oyedraper-8-ml/,301,false,false,false,false
https://kontaktlinser.no/oyedraper/cleye/cleye-10-ml/,https://kontaktlinser.no/oyedraper/cleye/cleye-oyedraper-10-ml/,301,false,false,false,false
